frame,predictions_json
0,[]
1,[]
2,[]
3,[]
4,[]
5,[]
6,[]
7,[]
8,[]
9,[]
10,[]
11,[]
12,[]
13,[]
14,[]
15,[]
16,[]
17,[]
18,[]
19,[]
20,[]
21,[]
22,[]
23,[]
24,[]
25,[]
26,[]
27,[]
28,[]
29,[]
30,[]
31,[]
32,[]
33,[]
34,[]
35,[]
36,[]
37,[]
38,[]
39,[]
40,[]
41,[]
42,[]
43,[]
44,[]
45,[]
46,[]
47,[]
48,[]
49,[]
50,[]
51,[]
52,[]
53,[]
54,[]
55,[]
56,[]
57,[]
58,[]
59,[]
60,[]
61,[]
62,[]
63,[]
64,[]
65,[]
66,[]
67,[]
68,[]
69,[]
70,[]
71,[]
72,[]
73,[]
74,[]
75,[]
76,[]
77,[]
78,[]
79,[]
80,[]
81,[]
82,[]
83,[]
84,[]
85,[]
86,[]
87,[]
88,[]
89,[]
90,[]
91,[]
92,[]
93,[]
94,[]
95,[]
96,[]
97,[]
98,[]
99,[]
100,[]
101,[]
102,[]
103,[]
104,[]
105,[]
106,[]
107,[]
108,[]
109,[]
110,[]
111,[]
112,[]
113,[]
114,[]
115,[]
116,[]
117,[]
118,[]
119,[]
120,[]
121,[]
122,[]
123,[]
124,[]
125,[]
126,[]
127,[]
128,[]
129,[]
130,[]
131,[]
132,[]
133,[]
134,[]
135,[]
136,[]
137,[]
138,[]
139,[]
140,[]
141,[]
142,[]
143,[]
144,[]
145,[]
146,[]
147,[]
148,[]
149,[]
150,[]
151,[]
152,[]
153,[]
154,[]
155,[]
156,[]
157,[]
158,[]
159,[]
160,[]
161,[]
162,[]
163,[]
164,[]
165,[]
166,[]
167,[]
168,[]
169,[]
170,[]
171,[]
172,[]
173,[]
174,[]
175,[]
176,[]
177,[]
178,[]
179,[]
180,[]
181,[]
182,[]
183,[]
184,[]
185,[]
186,[]
187,[]
188,[]
189,[]
190,[]
191,[]
192,[]
193,[]
194,[]
195,[]
196,[]
197,[]
198,[]
199,[]
200,[]
201,[]
202,[]
203,[]
204,[]
205,[]
206,[]
207,[]
208,[]
209,[]
210,[]
211,[]
212,[]
213,[]
214,[]
215,[]
216,[]
217,[]
218,[]
219,[]
220,[]
221,[]
222,[]
223,[]
224,[]
225,[]
226,[]
227,[]
228,[]
229,[]
230,[]
231,[]
232,[]
233,[]
234,[]
235,[]
236,[]
237,[]
238,[]
239,[]
240,[]
241,[]
242,[]
243,[]
244,[]
245,[]
246,[]
247,[]
248,[]
249,[]
250,"[{""class_id"": 1, ""class_name"": ""Pedestrian"", ""track_id"": ""3"", ""confidence"": 0.750884, ""bbox"": [340, 227, 398, 352]}]"
251,"[{""class_id"": 1, ""class_name"": ""Pedestrian"", ""track_id"": ""3"", ""confidence"": 0.731014, ""bbox"": [349, 229, 406, 353]}]"
252,"[{""class_id"": 1, ""class_name"": ""Pedestrian"", ""track_id"": ""3"", ""confidence"": 0.732273, ""bbox"": [352, 229, 409, 354]}]"
253,"[{""class_id"": 1, ""class_name"": ""Pedestrian"", ""track_id"": ""3"", ""confidence"": 0.73293, ""bbox"": [353, 230, 410, 354]}]"
254,"[{""class_id"": 1, ""class_name"": ""Pedestrian"", ""track_id"": ""3"", ""confidence"": 0.743352, ""bbox"": [361, 228, 419, 356]}]"
255,"[{""class_id"": 1, ""class_name"": ""Pedestrian"", ""track_id"": ""3"", ""confidence"": 0.743017, ""bbox"": [364, 227, 422, 357]}]"
256,"[{""class_id"": 1, ""class_name"": ""Pedestrian"", ""track_id"": ""3"", ""confidence"": 0.740872, ""bbox"": [365, 227, 423, 357]}]"
257,"[{""class_id"": 1, ""class_name"": ""Pedestrian"", ""track_id"": ""3"", ""confidence"": 0.765368, ""bbox"": [373, 226, 432, 355]}]"
258,"[{""class_id"": 1, ""class_name"": ""Pedestrian"", ""track_id"": ""3"", ""confidence"": 0.765021, ""bbox"": [376, 226, 435, 354]}]"
259,"[{""class_id"": 1, ""class_name"": ""Pedestrian"", ""track_id"": ""3"", ""confidence"": 0.765112, ""bbox"": [377, 226, 436, 354]}]"
260,"[{""class_id"": 1, ""class_name"": ""Pedestrian"", ""track_id"": ""3"", ""confidence"": 0.736654, ""bbox"": [382, 227, 442, 358]}]"
261,"[{""class_id"": 1, ""class_name"": ""Pedestrian"", ""track_id"": ""3"", ""confidence"": 0.736691, ""bbox"": [384, 227, 444, 358]}]"
262,"[{""class_id"": 1, ""class_name"": ""Pedestrian"", ""track_id"": ""3"", ""confidence"": 0.735576, ""bbox"": [384, 227, 445, 359]}]"
263,"[{""class_id"": 1, ""class_name"": ""Pedestrian"", ""track_id"": ""3"", ""confidence"": 0.732947, ""bbox"": [393, 230, 454, 362]}]"
264,"[{""class_id"": 1, ""class_name"": ""Pedestrian"", ""track_id"": ""3"", ""confidence"": 0.734169, ""bbox"": [397, 231, 458, 363]}]"
265,"[{""class_id"": 1, ""class_name"": ""Pedestrian"", ""track_id"": ""3"", ""confidence"": 0.732013, ""bbox"": [398, 232, 458, 363]}]"
266,"[{""class_id"": 1, ""class_name"": ""Pedestrian"", ""track_id"": ""3"", ""confidence"": 0.772081, ""bbox"": [408, 233, 468, 363]}]"
267,"[{""class_id"": 1, ""class_name"": ""Pedestrian"", ""track_id"": ""3"", ""confidence"": 0.772518, ""bbox"": [412, 233, 471, 363]}]"
268,"[{""class_id"": 1, ""class_name"": ""Pedestrian"", ""track_id"": ""3"", ""confidence"": 0.771707, ""bbox"": [414, 233, 472, 363]}]"
269,"[{""class_id"": 1, ""class_name"": ""Pedestrian"", ""track_id"": ""3"", ""confidence"": 0.773216, ""bbox"": [423, 232, 482, 363]}]"
270,"[{""class_id"": 1, ""class_name"": ""Pedestrian"", ""track_id"": ""3"", ""confidence"": 0.773474, ""bbox"": [426, 232, 485, 364]}]"
271,"[{""class_id"": 1, ""class_name"": ""Pedestrian"", ""track_id"": ""3"", ""confidence"": 0.775943, ""bbox"": [427, 232, 487, 364]}]"
272,"[{""class_id"": 1, ""class_name"": ""Pedestrian"", ""track_id"": ""3"", ""confidence"": 0.742168, ""bbox"": [437, 236, 498, 370]}]"
273,"[{""class_id"": 1, ""class_name"": ""Pedestrian"", ""track_id"": ""3"", ""confidence"": 0.742062, ""bbox"": [441, 238, 502, 373]}]"
274,"[{""class_id"": 1, ""class_name"": ""Pedestrian"", ""track_id"": ""3"", ""confidence"": 0.742607, ""bbox"": [443, 239, 504, 374]}]"
275,"[{""class_id"": 1, ""class_name"": ""Pedestrian"", ""track_id"": ""3"", ""confidence"": 0.753127, ""bbox"": [453, 244, 513, 378]}]"
276,"[{""class_id"": 0, ""class_name"": ""Cyclist"", ""track_id"": ""1"", ""confidence"": 0.723005, ""bbox"": [343, 215, 423, 310]}, {""class_id"": 1, ""class_name"": ""Pedestrian"", ""track_id"": ""3"", ""confidence"": 0.75257, ""bbox"": [457, 246, 516, 379]}]"
277,"[{""class_id"": 0, ""class_name"": ""Cyclist"", ""track_id"": ""1"", ""confidence"": 0.727791, ""bbox"": [343, 215, 423, 309]}, {""class_id"": 1, ""class_name"": ""Pedestrian"", ""track_id"": ""3"", ""confidence"": 0.753593, ""bbox"": [458, 247, 517, 380]}]"
278,"[{""class_id"": 0, ""class_name"": ""Cyclist"", ""track_id"": ""1"", ""confidence"": 0.724447, ""bbox"": [347, 214, 431, 313]}, {""class_id"": 1, ""class_name"": ""Pedestrian"", ""track_id"": ""3"", ""confidence"": 0.757761, ""bbox"": [468, 245, 528, 380]}]"
279,"[{""class_id"": 0, ""class_name"": ""Cyclist"", ""track_id"": ""1"", ""confidence"": 0.724593, ""bbox"": [349, 213, 433, 313]}, {""class_id"": 1, ""class_name"": ""Pedestrian"", ""track_id"": ""3"", ""confidence"": 0.757745, ""bbox"": [472, 244, 532, 380]}]"
280,"[{""class_id"": 0, ""class_name"": ""Cyclist"", ""track_id"": ""1"", ""confidence"": 0.725061, ""bbox"": [349, 213, 434, 314]}, {""class_id"": 1, ""class_name"": ""Pedestrian"", ""track_id"": ""3"", ""confidence"": 0.758376, ""bbox"": [473, 244, 533, 380]}]"
281,"[{""class_id"": 0, ""class_name"": ""Cyclist"", ""track_id"": ""1"", ""confidence"": 0.72852, ""bbox"": [353, 212, 439, 315]}, {""class_id"": 1, ""class_name"": ""Pedestrian"", ""track_id"": ""3"", ""confidence"": 0.77455, ""bbox"": [484, 241, 547, 382]}]"
282,"[{""class_id"": 0, ""class_name"": ""Cyclist"", ""track_id"": ""1"", ""confidence"": 0.729194, ""bbox"": [354, 212, 441, 316]}, {""class_id"": 1, ""class_name"": ""Pedestrian"", ""track_id"": ""3"", ""confidence"": 0.774131, ""bbox"": [488, 239, 552, 383]}]"
283,"[{""class_id"": 0, ""class_name"": ""Cyclist"", ""track_id"": ""1"", ""confidence"": 0.730838, ""bbox"": [355, 211, 441, 316]}, {""class_id"": 1, ""class_name"": ""Pedestrian"", ""track_id"": ""3"", ""confidence"": 0.774778, ""bbox"": [488, 239, 555, 384]}]"
284,"[{""class_id"": 0, ""class_name"": ""Cyclist"", ""track_id"": ""1"", ""confidence"": 0.703622, ""bbox"": [364, 214, 447, 315]}, {""class_id"": 1, ""class_name"": ""Pedestrian"", ""track_id"": ""3"", ""confidence"": 0.773081, ""bbox"": [498, 241, 564, 385]}]"
285,"[{""class_id"": 0, ""class_name"": ""Cyclist"", ""track_id"": ""1"", ""confidence"": 0.703415, ""bbox"": [367, 215, 449, 314]}, {""class_id"": 1, ""class_name"": ""Pedestrian"", ""track_id"": ""3"", ""confidence"": 0.773087, ""bbox"": [502, 242, 568, 385]}]"
286,"[{""class_id"": 0, ""class_name"": ""Cyclist"", ""track_id"": ""1"", ""confidence"": 0.695969, ""bbox"": [368, 215, 450, 314]}, {""class_id"": 1, ""class_name"": ""Pedestrian"", ""track_id"": ""3"", ""confidence"": 0.772977, ""bbox"": [503, 242, 569, 385]}]"
287,"[{""class_id"": 0, ""class_name"": ""Cyclist"", ""track_id"": ""1"", ""confidence"": null, ""bbox"": [370, 216, 452, 314]}, {""class_id"": 1, ""class_name"": ""Pedestrian"", ""track_id"": ""3"", ""confidence"": 0.772369, ""bbox"": [513, 245, 580, 390]}]"
288,"[{""class_id"": 0, ""class_name"": ""Cyclist"", ""track_id"": ""1"", ""confidence"": null, ""bbox"": [373, 216, 455, 314]}, {""class_id"": 1, ""class_name"": ""Pedestrian"", ""track_id"": ""3"", ""confidence"": 0.772094, ""bbox"": [516, 246, 583, 391]}]"
289,"[{""class_id"": 0, ""class_name"": ""Cyclist"", ""track_id"": ""1"", ""confidence"": null, ""bbox"": [375, 216, 457, 315]}, {""class_id"": 1, ""class_name"": ""Pedestrian"", ""track_id"": ""3"", ""confidence"": 0.771692, ""bbox"": [518, 247, 585, 392]}]"
290,"[{""class_id"": 0, ""class_name"": ""Cyclist"", ""track_id"": ""1"", ""confidence"": null, ""bbox"": [377, 216, 459, 315]}, {""class_id"": 1, ""class_name"": ""Pedestrian"", ""track_id"": ""3"", ""confidence"": 0.793498, ""bbox"": [526, 246, 593, 395]}]"
291,"[{""class_id"": 0, ""class_name"": ""Cyclist"", ""track_id"": ""1"", ""confidence"": null, ""bbox"": [380, 216, 462, 315]}, {""class_id"": 1, ""class_name"": ""Pedestrian"", ""track_id"": ""3"", ""confidence"": 0.793583, ""bbox"": [529, 246, 596, 396]}]"
292,"[{""class_id"": 0, ""class_name"": ""Cyclist"", ""track_id"": ""1"", ""confidence"": null, ""bbox"": [382, 216, 464, 315]}, {""class_id"": 1, ""class_name"": ""Pedestrian"", ""track_id"": ""3"", ""confidence"": 0.793384, ""bbox"": [530, 246, 596, 396]}]"
293,"[{""class_id"": 0, ""class_name"": ""Cyclist"", ""track_id"": ""1"", ""confidence"": 0.754016, ""bbox"": [388, 208, 478, 317]}, {""class_id"": 1, ""class_name"": ""Pedestrian"", ""track_id"": ""3"", ""confidence"": 0.7915, ""bbox"": [537, 246, 605, 401]}]"
294,"[{""class_id"": 0, ""class_name"": ""Cyclist"", ""track_id"": ""1"", ""confidence"": 0.754955, ""bbox"": [390, 207, 479, 318]}, {""class_id"": 1, ""class_name"": ""Pedestrian"", ""track_id"": ""3"", ""confidence"": 0.791401, ""bbox"": [540, 247, 609, 402]}]"
295,"[{""class_id"": 0, ""class_name"": ""Cyclist"", ""track_id"": ""1"", ""confidence"": 0.748685, ""bbox"": [390, 207, 479, 318]}, {""class_id"": 1, ""class_name"": ""Pedestrian"", ""track_id"": ""3"", ""confidence"": 0.79161, ""bbox"": [541, 247, 610, 403]}]"
296,"[{""class_id"": 0, ""class_name"": ""Cyclist"", ""track_id"": ""1"", ""confidence"": 0.750144, ""bbox"": [398, 209, 488, 320]}, {""class_id"": 1, ""class_name"": ""Pedestrian"", ""track_id"": ""3"", ""confidence"": 0.791474, ""bbox"": [553, 250, 619, 403]}]"
297,"[{""class_id"": 0, ""class_name"": ""Cyclist"", ""track_id"": ""1"", ""confidence"": 0.747924, ""bbox"": [400, 209, 491, 320]}, {""class_id"": 1, ""class_name"": ""Pedestrian"", ""track_id"": ""3"", ""confidence"": 0.791785, ""bbox"": [557, 251, 623, 402]}]"
298,"[{""class_id"": 0, ""class_name"": ""Cyclist"", ""track_id"": ""1"", ""confidence"": 0.747928, ""bbox"": [401, 209, 492, 321]}, {""class_id"": 1, ""class_name"": ""Pedestrian"", ""track_id"": ""3"", ""confidence"": 0.791589, ""bbox"": [558, 252, 624, 402]}]"
299,"[{""class_id"": 0, ""class_name"": ""Cyclist"", ""track_id"": ""1"", ""confidence"": 0.710398, ""bbox"": [405, 210, 498, 325]}, {""class_id"": 1, ""class_name"": ""Pedestrian"", ""track_id"": ""3"", ""confidence"": 0.78242, ""bbox"": [569, 255, 635, 405]}]"
300,"[{""class_id"": 0, ""class_name"": ""Cyclist"", ""track_id"": ""1"", ""confidence"": 0.708861, ""bbox"": [406, 210, 500, 326]}, {""class_id"": 1, ""class_name"": ""Pedestrian"", ""track_id"": ""3"", ""confidence"": 0.782372, ""bbox"": [573, 256, 639, 406]}]"
301,"[{""class_id"": 0, ""class_name"": ""Cyclist"", ""track_id"": ""1"", ""confidence"": 0.711704, ""bbox"": [406, 210, 501, 327]}, {""class_id"": 1, ""class_name"": ""Pedestrian"", ""track_id"": ""3"", ""confidence"": 0.783466, ""bbox"": [574, 257, 640, 406]}]"
302,"[{""class_id"": 0, ""class_name"": ""Cyclist"", ""track_id"": ""1"", ""confidence"": null, ""bbox"": [409, 210, 504, 328]}, {""class_id"": 1, ""class_name"": ""Pedestrian"", ""track_id"": ""3"", ""confidence"": 0.795806, ""bbox"": [583, 256, 651, 410]}]"
303,"[{""class_id"": 0, ""class_name"": ""Cyclist"", ""track_id"": ""1"", ""confidence"": null, ""bbox"": [411, 210, 507, 329]}, {""class_id"": 1, ""class_name"": ""Pedestrian"", ""track_id"": ""3"", ""confidence"": 0.79572, ""bbox"": [586, 255, 655, 411]}]"
304,"[{""class_id"": 0, ""class_name"": ""Cyclist"", ""track_id"": ""1"", ""confidence"": null, ""bbox"": [413, 210, 510, 330]}, {""class_id"": 1, ""class_name"": ""Pedestrian"", ""track_id"": ""3"", ""confidence"": 0.79503, ""bbox"": [587, 256, 657, 412]}]"
305,"[{""class_id"": 0, ""class_name"": ""Cyclist"", ""track_id"": ""1"", ""confidence"": null, ""bbox"": [415, 210, 514, 331]}, {""class_id"": 1, ""class_name"": ""Pedestrian"", ""track_id"": ""3"", ""confidence"": 0.792439, ""bbox"": [593, 257, 663, 415]}]"
306,"[{""class_id"": 0, ""class_name"": ""Cyclist"", ""track_id"": ""1"", ""confidence"": null, ""bbox"": [418, 210, 517, 332]}, {""class_id"": 1, ""class_name"": ""Pedestrian"", ""track_id"": ""3"", ""confidence"": 0.792169, ""bbox"": [595, 258, 665, 417]}]"
307,"[{""class_id"": 0, ""class_name"": ""Cyclist"", ""track_id"": ""1"", ""confidence"": null, ""bbox"": [420, 210, 520, 333]}, {""class_id"": 1, ""class_name"": ""Pedestrian"", ""track_id"": ""3"", ""confidence"": 0.792464, ""bbox"": [595, 258, 666, 417]}]"
308,"[{""class_id"": 0, ""class_name"": ""Cyclist"", ""track_id"": ""1"", ""confidence"": 0.764963, ""bbox"": [438, 214, 531, 328]}, {""class_id"": 1, ""class_name"": ""Pedestrian"", ""track_id"": ""3"", ""confidence"": 0.770202, ""bbox"": [603, 262, 673, 420]}]"
309,"[{""class_id"": 0, ""class_name"": ""Cyclist"", ""track_id"": ""1"", ""confidence"": 0.764043, ""bbox"": [440, 214, 533, 328]}, {""class_id"": 1, ""class_name"": ""Pedestrian"", ""track_id"": ""3"", ""confidence"": 0.77014, ""bbox"": [605, 264, 676, 422]}]"
310,"[{""class_id"": 0, ""class_name"": ""Cyclist"", ""track_id"": ""1"", ""confidence"": 0.760095, ""bbox"": [440, 215, 534, 328]}, {""class_id"": 1, ""class_name"": ""Pedestrian"", ""track_id"": ""3"", ""confidence"": 0.7635, ""bbox"": [606, 265, 676, 422]}]"
311,"[{""class_id"": 0, ""class_name"": ""Cyclist"", ""track_id"": ""1"", ""confidence"": 0.782928, ""bbox"": [449, 217, 542, 330]}, {""class_id"": 1, ""class_name"": ""Pedestrian"", ""track_id"": ""3"", ""confidence"": 0.784411, ""bbox"": [615, 262, 684, 420]}]"
312,"[{""class_id"": 0, ""class_name"": ""Cyclist"", ""track_id"": ""1"", ""confidence"": 0.782415, ""bbox"": [452, 217, 545, 330]}, {""class_id"": 1, ""class_name"": ""Pedestrian"", ""track_id"": ""3"", ""confidence"": 0.784202, ""bbox"": [619, 261, 687, 419]}]"
313,"[{""class_id"": 0, ""class_name"": ""Cyclist"", ""track_id"": ""1"", ""confidence"": 0.783214, ""bbox"": [452, 218, 546, 331]}, {""class_id"": 1, ""class_name"": ""Pedestrian"", ""track_id"": ""3"", ""confidence"": 0.784779, ""bbox"": [620, 261, 687, 417]}]"
314,"[{""class_id"": 0, ""class_name"": ""Cyclist"", ""track_id"": ""1"", ""confidence"": 0.784739, ""bbox"": [460, 218, 552, 329]}, {""class_id"": 1, ""class_name"": ""Pedestrian"", ""track_id"": ""3"", ""confidence"": 0.813174, ""bbox"": [629, 263, 698, 426]}]"
315,"[{""class_id"": 0, ""class_name"": ""Cyclist"", ""track_id"": ""1"", ""confidence"": 0.785141, ""bbox"": [463, 219, 555, 328]}, {""class_id"": 1, ""class_name"": ""Pedestrian"", ""track_id"": ""3"", ""confidence"": 0.813107, ""bbox"": [633, 264, 702, 430]}]"
316,"[{""class_id"": 0, ""class_name"": ""Cyclist"", ""track_id"": ""1"", ""confidence"": 0.785158, ""bbox"": [463, 219, 556, 328]}, {""class_id"": 1, ""class_name"": ""Pedestrian"", ""track_id"": ""3"", ""confidence"": 0.813109, ""bbox"": [634, 265, 703, 431]}]"
317,"[{""class_id"": 0, ""class_name"": ""Cyclist"", ""track_id"": ""1"", ""confidence"": 0.764457, ""bbox"": [470, 220, 565, 332]}, {""class_id"": 1, ""class_name"": ""Pedestrian"", ""track_id"": ""3"", ""confidence"": 0.82289, ""bbox"": [641, 271, 709, 432]}]"
318,"[{""class_id"": 0, ""class_name"": ""Cyclist"", ""track_id"": ""1"", ""confidence"": 0.765301, ""bbox"": [472, 221, 568, 333]}, {""class_id"": 1, ""class_name"": ""Pedestrian"", ""track_id"": ""3"", ""confidence"": 0.822699, ""bbox"": [644, 274, 711, 433]}]"
319,"[{""class_id"": 0, ""class_name"": ""Cyclist"", ""track_id"": ""1"", ""confidence"": 0.764309, ""bbox"": [472, 221, 569, 334]}, {""class_id"": 1, ""class_name"": ""Pedestrian"", ""track_id"": ""3"", ""confidence"": 0.821539, ""bbox"": [644, 274, 711, 433]}]"
320,"[{""class_id"": 0, ""class_name"": ""Cyclist"", ""track_id"": ""1"", ""confidence"": 0.777234, ""bbox"": [477, 212, 583, 336]}, {""class_id"": 1, ""class_name"": ""Pedestrian"", ""track_id"": ""3"", ""confidence"": 0.822415, ""bbox"": [650, 277, 717, 433]}]"
321,"[{""class_id"": 0, ""class_name"": ""Cyclist"", ""track_id"": ""1"", ""confidence"": 0.779417, ""bbox"": [478, 209, 587, 337]}, {""class_id"": 1, ""class_name"": ""Pedestrian"", ""track_id"": ""3"", ""confidence"": 0.822018, ""bbox"": [652, 278, 719, 433]}]"
322,"[{""class_id"": 0, ""class_name"": ""Cyclist"", ""track_id"": ""1"", ""confidence"": 0.781342, ""bbox"": [479, 208, 589, 338]}, {""class_id"": 1, ""class_name"": ""Pedestrian"", ""track_id"": ""3"", ""confidence"": 0.822208, ""bbox"": [652, 278, 720, 433]}]"
323,"[{""class_id"": 0, ""class_name"": ""Cyclist"", ""track_id"": ""1"", ""confidence"": 0.787244, ""bbox"": [485, 207, 595, 337]}, {""class_id"": 1, ""class_name"": ""Pedestrian"", ""track_id"": ""3"", ""confidence"": 0.789931, ""bbox"": [660, 279, 729, 434]}]"
324,"[{""class_id"": 0, ""class_name"": ""Cyclist"", ""track_id"": ""1"", ""confidence"": 0.785595, ""bbox"": [488, 206, 597, 336]}, {""class_id"": 1, ""class_name"": ""Pedestrian"", ""track_id"": ""3"", ""confidence"": 0.791445, ""bbox"": [662, 279, 732, 435]}]"
325,"[{""class_id"": 0, ""class_name"": ""Cyclist"", ""track_id"": ""1"", ""confidence"": 0.785871, ""bbox"": [489, 206, 598, 337]}, {""class_id"": 1, ""class_name"": ""Pedestrian"", ""track_id"": ""3"", ""confidence"": 0.791442, ""bbox"": [663, 279, 733, 435]}]"
326,"[{""class_id"": 0, ""class_name"": ""Cyclist"", ""track_id"": ""1"", ""confidence"": 0.770673, ""bbox"": [500, 214, 603, 338]}, {""class_id"": 1, ""class_name"": ""Pedestrian"", ""track_id"": ""3"", ""confidence"": 0.792698, ""bbox"": [673, 280, 742, 435]}]"
327,"[{""class_id"": 0, ""class_name"": ""Cyclist"", ""track_id"": ""1"", ""confidence"": 0.770934, ""bbox"": [503, 217, 605, 339]}, {""class_id"": 1, ""class_name"": ""Pedestrian"", ""track_id"": ""3"", ""confidence"": 0.792742, ""bbox"": [677, 281, 745, 435]}]"
328,"[{""class_id"": 0, ""class_name"": ""Cyclist"", ""track_id"": ""1"", ""confidence"": 0.770935, ""bbox"": [504, 218, 605, 339]}, {""class_id"": 1, ""class_name"": ""Pedestrian"", ""track_id"": ""3"", ""confidence"": 0.79274, ""bbox"": [679, 281, 746, 435]}]"
329,"[{""class_id"": 0, ""class_name"": ""Cyclist"", ""track_id"": ""1"", ""confidence"": 0.791614, ""bbox"": [516, 223, 618, 343]}, {""class_id"": 1, ""class_name"": ""Pedestrian"", ""track_id"": ""3"", ""confidence"": 0.782756, ""bbox"": [689, 280, 757, 436]}]"
330,"[{""class_id"": 0, ""class_name"": ""Cyclist"", ""track_id"": ""1"", ""confidence"": 0.792321, ""bbox"": [521, 224, 622, 345]}, {""class_id"": 1, ""class_name"": ""Pedestrian"", ""track_id"": ""3"", ""confidence"": 0.781788, ""bbox"": [693, 279, 761, 437]}]"
331,"[{""class_id"": 0, ""class_name"": ""Cyclist"", ""track_id"": ""1"", ""confidence"": 0.792172, ""bbox"": [523, 225, 623, 346]}, {""class_id"": 1, ""class_name"": ""Pedestrian"", ""track_id"": ""3"", ""confidence"": 0.782084, ""bbox"": [694, 279, 763, 437]}]"
332,"[{""class_id"": 0, ""class_name"": ""Cyclist"", ""track_id"": ""1"", ""confidence"": 0.779962, ""bbox"": [532, 226, 632, 346]}, {""class_id"": 1, ""class_name"": ""Pedestrian"", ""track_id"": ""3"", ""confidence"": 0.812225, ""bbox"": [701, 281, 772, 442]}]"
333,"[{""class_id"": 0, ""class_name"": ""Cyclist"", ""track_id"": ""1"", ""confidence"": 0.779883, ""bbox"": [535, 226, 635, 346]}, {""class_id"": 1, ""class_name"": ""Pedestrian"", ""track_id"": ""3"", ""confidence"": 0.812239, ""bbox"": [703, 281, 776, 444]}]"
334,"[{""class_id"": 0, ""class_name"": ""Cyclist"", ""track_id"": ""1"", ""confidence"": 0.779619, ""bbox"": [535, 226, 635, 346]}, {""class_id"": 1, ""class_name"": ""Pedestrian"", ""track_id"": ""3"", ""confidence"": 0.813261, ""bbox"": [704, 281, 777, 444]}]"
335,"[{""class_id"": 0, ""class_name"": ""Cyclist"", ""track_id"": ""1"", ""confidence"": 0.789372, ""bbox"": [544, 227, 644, 347]}, {""class_id"": 1, ""class_name"": ""Pedestrian"", ""track_id"": ""3"", ""confidence"": 0.807031, ""bbox"": [709, 285, 782, 445]}]"
336,"[{""class_id"": 0, ""class_name"": ""Cyclist"", ""track_id"": ""1"", ""confidence"": 0.789449, ""bbox"": [547, 228, 648, 348]}, {""class_id"": 1, ""class_name"": ""Pedestrian"", ""track_id"": ""3"", ""confidence"": 0.806997, ""bbox"": [711, 286, 785, 445]}]"
337,"[{""class_id"": 0, ""class_name"": ""Cyclist"", ""track_id"": ""1"", ""confidence"": 0.78793, ""bbox"": [547, 228, 649, 348]}, {""class_id"": 1, ""class_name"": ""Pedestrian"", ""track_id"": ""3"", ""confidence"": 0.80688, ""bbox"": [711, 287, 786, 445]}]"
338,"[{""class_id"": 0, ""class_name"": ""Cyclist"", ""track_id"": ""1"", ""confidence"": 0.821435, ""bbox"": [557, 228, 661, 350]}, {""class_id"": 1, ""class_name"": ""Pedestrian"", ""track_id"": ""3"", ""confidence"": 0.761463, ""bbox"": [726, 288, 799, 443]}]"
339,"[{""class_id"": 0, ""class_name"": ""Cyclist"", ""track_id"": ""1"", ""confidence"": 0.821446, ""bbox"": [561, 228, 666, 351]}, {""class_id"": 1, ""class_name"": ""Pedestrian"", ""track_id"": ""3"", ""confidence"": 0.761844, ""bbox"": [732, 289, 803, 442]}]"
340,"[{""class_id"": 0, ""class_name"": ""Cyclist"", ""track_id"": ""1"", ""confidence"": 0.820063, ""bbox"": [563, 228, 668, 352]}, {""class_id"": 1, ""class_name"": ""Pedestrian"", ""track_id"": ""3"", ""confidence"": 0.761938, ""bbox"": [734, 290, 805, 443]}]"
341,"[{""class_id"": 0, ""class_name"": ""Cyclist"", ""track_id"": ""1"", ""confidence"": 0.81531, ""bbox"": [571, 228, 678, 355]}, {""class_id"": 1, ""class_name"": ""Pedestrian"", ""track_id"": ""3"", ""confidence"": 0.791728, ""bbox"": [740, 288, 814, 450]}]"
342,"[{""class_id"": 0, ""class_name"": ""Cyclist"", ""track_id"": ""1"", ""confidence"": 0.815214, ""bbox"": [574, 229, 682, 356]}, {""class_id"": 1, ""class_name"": ""Pedestrian"", ""track_id"": ""3"", ""confidence"": 0.791277, ""bbox"": [742, 288, 817, 453]}]"
343,"[{""class_id"": 0, ""class_name"": ""Cyclist"", ""track_id"": ""1"", ""confidence"": 0.814931, ""bbox"": [574, 229, 682, 356]}, {""class_id"": 1, ""class_name"": ""Pedestrian"", ""track_id"": ""3"", ""confidence"": 0.791795, ""bbox"": [742, 288, 818, 454]}]"
344,"[{""class_id"": 0, ""class_name"": ""Cyclist"", ""track_id"": ""1"", ""confidence"": 0.828855, ""bbox"": [584, 230, 693, 358]}, {""class_id"": 1, ""class_name"": ""Pedestrian"", ""track_id"": ""3"", ""confidence"": 0.787501, ""bbox"": [752, 290, 828, 459]}]"
345,"[{""class_id"": 0, ""class_name"": ""Cyclist"", ""track_id"": ""1"", ""confidence"": 0.829482, ""bbox"": [587, 231, 697, 359]}, {""class_id"": 1, ""class_name"": ""Pedestrian"", ""track_id"": ""3"", ""confidence"": 0.787762, ""bbox"": [756, 290, 832, 460]}]"
346,"[{""class_id"": 0, ""class_name"": ""Cyclist"", ""track_id"": ""1"", ""confidence"": 0.829305, ""bbox"": [588, 231, 699, 359]}, {""class_id"": 1, ""class_name"": ""Pedestrian"", ""track_id"": ""3"", ""confidence"": 0.787711, ""bbox"": [758, 291, 833, 461]}]"
347,"[{""class_id"": 0, ""class_name"": ""Cyclist"", ""track_id"": ""1"", ""confidence"": 0.807132, ""bbox"": [600, 234, 710, 360]}, {""class_id"": 1, ""class_name"": ""Pedestrian"", ""track_id"": ""3"", ""confidence"": 0.819369, ""bbox"": [765, 292, 840, 464]}]"
348,"[{""class_id"": 0, ""class_name"": ""Cyclist"", ""track_id"": ""1"", ""confidence"": 0.806865, ""bbox"": [604, 235, 715, 361]}, {""class_id"": 1, ""class_name"": ""Pedestrian"", ""track_id"": ""3"", ""confidence"": 0.819456, ""bbox"": [767, 293, 843, 465]}]"
349,"[{""class_id"": 0, ""class_name"": ""Cyclist"", ""track_id"": ""1"", ""confidence"": 0.807061, ""bbox"": [606, 236, 716, 361]}, {""class_id"": 1, ""class_name"": ""Pedestrian"", ""track_id"": ""3"", ""confidence"": 0.819487, ""bbox"": [768, 293, 844, 465]}]"
350,"[{""class_id"": 0, ""class_name"": ""Cyclist"", ""track_id"": ""1"", ""confidence"": 0.810356, ""bbox"": [618, 238, 729, 364]}, {""class_id"": 1, ""class_name"": ""Pedestrian"", ""track_id"": ""3"", ""confidence"": 0.826904, ""bbox"": [774, 296, 850, 465]}]"
351,"[{""class_id"": 0, ""class_name"": ""Cyclist"", ""track_id"": ""1"", ""confidence"": 0.810114, ""bbox"": [622, 240, 733, 365]}, {""class_id"": 1, ""class_name"": ""Pedestrian"", ""track_id"": ""3"", ""confidence"": 0.826782, ""bbox"": [776, 297, 853, 465]}]"
352,"[{""class_id"": 0, ""class_name"": ""Cyclist"", ""track_id"": ""1"", ""confidence"": 0.808693, ""bbox"": [623, 240, 735, 366]}, {""class_id"": 1, ""class_name"": ""Pedestrian"", ""track_id"": ""3"", ""confidence"": 0.826674, ""bbox"": [775, 298, 853, 465]}]"
353,"[{""class_id"": 0, ""class_name"": ""Cyclist"", ""track_id"": ""1"", ""confidence"": 0.824088, ""bbox"": [635, 241, 747, 367]}, {""class_id"": 1, ""class_name"": ""Pedestrian"", ""track_id"": ""3"", ""confidence"": 0.787939, ""bbox"": [789, 302, 864, 465]}]"
354,"[{""class_id"": 0, ""class_name"": ""Cyclist"", ""track_id"": ""1"", ""confidence"": 0.823992, ""bbox"": [639, 242, 752, 368]}, {""class_id"": 1, ""class_name"": ""Pedestrian"", ""track_id"": ""3"", ""confidence"": 0.787762, ""bbox"": [795, 303, 868, 465]}]"
355,"[{""class_id"": 0, ""class_name"": ""Cyclist"", ""track_id"": ""1"", ""confidence"": 0.823816, ""bbox"": [640, 242, 753, 368]}, {""class_id"": 1, ""class_name"": ""Pedestrian"", ""track_id"": ""3"", ""confidence"": 0.787649, ""bbox"": [797, 304, 870, 465]}]"
356,"[{""class_id"": 0, ""class_name"": ""Cyclist"", ""track_id"": ""1"", ""confidence"": 0.840101, ""bbox"": [650, 241, 767, 371]}, {""class_id"": 1, ""class_name"": ""Pedestrian"", ""track_id"": ""3"", ""confidence"": 0.797468, ""bbox"": [803, 303, 877, 468]}]"
357,"[{""class_id"": 0, ""class_name"": ""Cyclist"", ""track_id"": ""1"", ""confidence"": 0.839545, ""bbox"": [654, 241, 772, 372]}, {""class_id"": 1, ""class_name"": ""Pedestrian"", ""track_id"": ""3"", ""confidence"": 0.796551, ""bbox"": [805, 303, 879, 469]}]"
358,"[{""class_id"": 0, ""class_name"": ""Cyclist"", ""track_id"": ""1"", ""confidence"": 0.840057, ""bbox"": [655, 241, 774, 372]}, {""class_id"": 1, ""class_name"": ""Pedestrian"", ""track_id"": ""3"", ""confidence"": 0.796959, ""bbox"": [805, 303, 879, 470]}]"
359,"[{""class_id"": 0, ""class_name"": ""Cyclist"", ""track_id"": ""1"", ""confidence"": 0.820933, ""bbox"": [665, 242, 784, 373]}, {""class_id"": 1, ""class_name"": ""Pedestrian"", ""track_id"": ""3"", ""confidence"": 0.766844, ""bbox"": [817, 303, 892, 473]}]"
360,"[{""class_id"": 0, ""class_name"": ""Cyclist"", ""track_id"": ""1"", ""confidence"": 0.82099, ""bbox"": [668, 243, 787, 374]}, {""class_id"": 1, ""class_name"": ""Pedestrian"", ""track_id"": ""3"", ""confidence"": 0.76682, ""bbox"": [822, 303, 896, 474]}]"
361,"[{""class_id"": 0, ""class_name"": ""Cyclist"", ""track_id"": ""1"", ""confidence"": 0.820729, ""bbox"": [670, 243, 789, 374]}, {""class_id"": 1, ""class_name"": ""Pedestrian"", ""track_id"": ""3"", ""confidence"": 0.766669, ""bbox"": [823, 303, 897, 474]}]"
362,"[{""class_id"": 0, ""class_name"": ""Cyclist"", ""track_id"": ""1"", ""confidence"": 0.818747, ""bbox"": [682, 243, 801, 373]}, {""class_id"": 1, ""class_name"": ""Pedestrian"", ""track_id"": ""3"", ""confidence"": 0.795599, ""bbox"": [832, 304, 906, 474]}]"
363,"[{""class_id"": 0, ""class_name"": ""Cyclist"", ""track_id"": ""1"", ""confidence"": 0.819223, ""bbox"": [687, 244, 806, 373]}, {""class_id"": 1, ""class_name"": ""Pedestrian"", ""track_id"": ""3"", ""confidence"": 0.795425, ""bbox"": [835, 305, 910, 474]}]"
364,"[{""class_id"": 0, ""class_name"": ""Cyclist"", ""track_id"": ""1"", ""confidence"": 0.820269, ""bbox"": [688, 244, 808, 374]}, {""class_id"": 1, ""class_name"": ""Pedestrian"", ""track_id"": ""3"", ""confidence"": 0.793723, ""bbox"": [835, 305, 912, 474]}]"
365,"[{""class_id"": 0, ""class_name"": ""Cyclist"", ""track_id"": ""1"", ""confidence"": 0.815061, ""bbox"": [700, 246, 821, 377]}, {""class_id"": 1, ""class_name"": ""Pedestrian"", ""track_id"": ""3"", ""confidence"": 0.814672, ""bbox"": [841, 308, 918, 475]}]"
366,"[{""class_id"": 0, ""class_name"": ""Cyclist"", ""track_id"": ""1"", ""confidence"": 0.815074, ""bbox"": [705, 247, 826, 378]}, {""class_id"": 1, ""class_name"": ""Pedestrian"", ""track_id"": ""3"", ""confidence"": 0.814716, ""bbox"": [842, 309, 920, 475]}]"
367,"[{""class_id"": 0, ""class_name"": ""Cyclist"", ""track_id"": ""1"", ""confidence"": 0.81551, ""bbox"": [706, 248, 828, 379]}, {""class_id"": 1, ""class_name"": ""Pedestrian"", ""track_id"": ""3"", ""confidence"": 0.814479, ""bbox"": [842, 310, 921, 475]}]"
368,"[{""class_id"": 0, ""class_name"": ""Cyclist"", ""track_id"": ""1"", ""confidence"": 0.824099, ""bbox"": [718, 250, 841, 382]}, {""class_id"": 1, ""class_name"": ""Pedestrian"", ""track_id"": ""3"", ""confidence"": 0.759942, ""bbox"": [849, 312, 930, 482]}]"
369,"[{""class_id"": 0, ""class_name"": ""Cyclist"", ""track_id"": ""1"", ""confidence"": 0.825439, ""bbox"": [723, 251, 846, 383]}, {""class_id"": 1, ""class_name"": ""Pedestrian"", ""track_id"": ""3"", ""confidence"": 0.756933, ""bbox"": [851, 313, 934, 484]}]"
370,"[{""class_id"": 0, ""class_name"": ""Cyclist"", ""track_id"": ""1"", ""confidence"": 0.824367, ""bbox"": [724, 251, 847, 383]}, {""class_id"": 1, ""class_name"": ""Pedestrian"", ""track_id"": ""3"", ""confidence"": 0.76108, ""bbox"": [852, 313, 935, 486]}]"
371,"[{""class_id"": 0, ""class_name"": ""Cyclist"", ""track_id"": ""1"", ""confidence"": 0.82367, ""bbox"": [735, 254, 860, 388]}, {""class_id"": 1, ""class_name"": ""Pedestrian"", ""track_id"": ""3"", ""confidence"": 0.773883, ""bbox"": [859, 315, 949, 506]}]"
372,"[{""class_id"": 0, ""class_name"": ""Cyclist"", ""track_id"": ""1"", ""confidence"": 0.823567, ""bbox"": [739, 254, 864, 389]}, {""class_id"": 1, ""class_name"": ""Pedestrian"", ""track_id"": ""3"", ""confidence"": 0.774073, ""bbox"": [862, 316, 953, 514]}]"
373,"[{""class_id"": 0, ""class_name"": ""Cyclist"", ""track_id"": ""1"", ""confidence"": 0.823986, ""bbox"": [740, 255, 865, 390]}, {""class_id"": 1, ""class_name"": ""Pedestrian"", ""track_id"": ""3"", ""confidence"": 0.773517, ""bbox"": [863, 316, 954, 516]}]"
374,"[{""class_id"": 0, ""class_name"": ""Cyclist"", ""track_id"": ""1"", ""confidence"": 0.839378, ""bbox"": [753, 255, 878, 389]}, {""class_id"": 1, ""class_name"": ""Pedestrian"", ""track_id"": ""3"", ""confidence"": 0.776532, ""bbox"": [876, 318, 964, 517]}]"
375,"[{""class_id"": 0, ""class_name"": ""Cyclist"", ""track_id"": ""1"", ""confidence"": 0.839298, ""bbox"": [757, 255, 882, 389]}, {""class_id"": 1, ""class_name"": ""Pedestrian"", ""track_id"": ""3"", ""confidence"": 0.776359, ""bbox"": [881, 319, 967, 517]}]"
376,"[{""class_id"": 0, ""class_name"": ""Cyclist"", ""track_id"": ""1"", ""confidence"": 0.839307, ""bbox"": [759, 255, 884, 388]}, {""class_id"": 1, ""class_name"": ""Pedestrian"", ""track_id"": ""3"", ""confidence"": 0.776813, ""bbox"": [883, 319, 967, 517]}]"
377,"[{""class_id"": 0, ""class_name"": ""Cyclist"", ""track_id"": ""1"", ""confidence"": 0.829885, ""bbox"": [769, 255, 895, 389]}, {""class_id"": 1, ""class_name"": ""Pedestrian"", ""track_id"": ""3"", ""confidence"": 0.813004, ""bbox"": [896, 320, 976, 506]}]"
378,"[{""class_id"": 0, ""class_name"": ""Cyclist"", ""track_id"": ""1"", ""confidence"": 0.829931, ""bbox"": [773, 255, 899, 389]}, {""class_id"": 1, ""class_name"": ""Pedestrian"", ""track_id"": ""3"", ""confidence"": 0.81291, ""bbox"": [901, 321, 979, 501]}]"
379,"[{""class_id"": 0, ""class_name"": ""Cyclist"", ""track_id"": ""1"", ""confidence"": 0.829548, ""bbox"": [774, 255, 900, 389]}, {""class_id"": 1, ""class_name"": ""Pedestrian"", ""track_id"": ""3"", ""confidence"": 0.812454, ""bbox"": [902, 321, 980, 500]}]"
380,"[{""class_id"": 0, ""class_name"": ""Cyclist"", ""track_id"": ""1"", ""confidence"": 0.823647, ""bbox"": [785, 257, 913, 391]}, {""class_id"": 1, ""class_name"": ""Pedestrian"", ""track_id"": ""3"", ""confidence"": 0.808565, ""bbox"": [910, 326, 989, 504]}]"
381,"[{""class_id"": 0, ""class_name"": ""Cyclist"", ""track_id"": ""1"", ""confidence"": 0.823529, ""bbox"": [790, 257, 917, 392]}, {""class_id"": 1, ""class_name"": ""Pedestrian"", ""track_id"": ""3"", ""confidence"": 0.808745, ""bbox"": [913, 327, 992, 506]}]"
382,"[{""class_id"": 0, ""class_name"": ""Cyclist"", ""track_id"": ""1"", ""confidence"": 0.823509, ""bbox"": [791, 258, 919, 393]}, {""class_id"": 1, ""class_name"": ""Pedestrian"", ""track_id"": ""3"", ""confidence"": 0.809211, ""bbox"": [913, 328, 993, 507]}]"
383,"[{""class_id"": 0, ""class_name"": ""Cyclist"", ""track_id"": ""1"", ""confidence"": 0.821807, ""bbox"": [804, 259, 931, 392]}, {""class_id"": 1, ""class_name"": ""Pedestrian"", ""track_id"": ""3"", ""confidence"": 0.770231, ""bbox"": [930, 329, 1008, 506]}]"
384,"[{""class_id"": 0, ""class_name"": ""Cyclist"", ""track_id"": ""1"", ""confidence"": 0.821693, ""bbox"": [809, 260, 935, 392]}, {""class_id"": 1, ""class_name"": ""Pedestrian"", ""track_id"": ""3"", ""confidence"": 0.770331, ""bbox"": [937, 329, 1012, 506]}]"
385,"[{""class_id"": 0, ""class_name"": ""Cyclist"", ""track_id"": ""1"", ""confidence"": 0.821189, ""bbox"": [811, 259, 937, 391]}, {""class_id"": 1, ""class_name"": ""Pedestrian"", ""track_id"": ""3"", ""confidence"": 0.770349, ""bbox"": [940, 329, 1013, 506]}]"
386,"[{""class_id"": 0, ""class_name"": ""Cyclist"", ""track_id"": ""1"", ""confidence"": 0.820335, ""bbox"": [822, 259, 950, 392]}, {""class_id"": 1, ""class_name"": ""Pedestrian"", ""track_id"": ""3"", ""confidence"": 0.752763, ""bbox"": [947, 330, 1020, 508]}]"
387,"[{""class_id"": 0, ""class_name"": ""Cyclist"", ""track_id"": ""1"", ""confidence"": 0.82037, ""bbox"": [827, 259, 954, 393]}, {""class_id"": 1, ""class_name"": ""Pedestrian"", ""track_id"": ""3"", ""confidence"": 0.752751, ""bbox"": [949, 331, 1023, 509]}]"
388,"[{""class_id"": 0, ""class_name"": ""Cyclist"", ""track_id"": ""1"", ""confidence"": 0.820298, ""bbox"": [828, 259, 956, 393]}, {""class_id"": 1, ""class_name"": ""Pedestrian"", ""track_id"": ""3"", ""confidence"": 0.752467, ""bbox"": [950, 332, 1023, 509]}]"
389,"[{""class_id"": 0, ""class_name"": ""Cyclist"", ""track_id"": ""1"", ""confidence"": 0.810896, ""bbox"": [837, 257, 967, 394]}, {""class_id"": 1, ""class_name"": ""Pedestrian"", ""track_id"": ""3"", ""confidence"": 0.769236, ""bbox"": [959, 327, 1035, 510]}]"
390,"[{""class_id"": 0, ""class_name"": ""Cyclist"", ""track_id"": ""1"", ""confidence"": 0.811232, ""bbox"": [840, 256, 971, 395]}, {""class_id"": 1, ""class_name"": ""Pedestrian"", ""track_id"": ""3"", ""confidence"": 0.769243, ""bbox"": [962, 325, 1039, 510]}]"
391,"[{""class_id"": 0, ""class_name"": ""Cyclist"", ""track_id"": ""1"", ""confidence"": 0.811722, ""bbox"": [842, 255, 973, 394]}, {""class_id"": 1, ""class_name"": ""Pedestrian"", ""track_id"": ""3"", ""confidence"": 0.768593, ""bbox"": [963, 324, 1040, 510]}]"
392,"[{""class_id"": 0, ""class_name"": ""Cyclist"", ""track_id"": ""1"", ""confidence"": 0.814984, ""bbox"": [855, 258, 983, 394]}, {""class_id"": 1, ""class_name"": ""Pedestrian"", ""track_id"": ""3"", ""confidence"": 0.779604, ""bbox"": [971, 340, 1047, 518]}]"
393,"[{""class_id"": 0, ""class_name"": ""Cyclist"", ""track_id"": ""1"", ""confidence"": 0.815204, ""bbox"": [859, 259, 986, 395]}, {""class_id"": 1, ""class_name"": ""Pedestrian"", ""track_id"": ""3"", ""confidence"": 0.780119, ""bbox"": [973, 346, 1049, 521]}]"
394,"[{""class_id"": 0, ""class_name"": ""Cyclist"", ""track_id"": ""1"", ""confidence"": 0.814863, ""bbox"": [861, 259, 987, 395]}, {""class_id"": 1, ""class_name"": ""Pedestrian"", ""track_id"": ""3"", ""confidence"": 0.778942, ""bbox"": [974, 348, 1050, 522]}]"
395,"[{""class_id"": 0, ""class_name"": ""Cyclist"", ""track_id"": ""1"", ""confidence"": 0.806688, ""bbox"": [872, 261, 997, 395]}, {""class_id"": 1, ""class_name"": ""Pedestrian"", ""track_id"": ""3"", ""confidence"": 0.730553, ""bbox"": [988, 353, 1064, 526]}]"
396,"[{""class_id"": 0, ""class_name"": ""Cyclist"", ""track_id"": ""1"", ""confidence"": 0.806585, ""bbox"": [876, 261, 1000, 395]}, {""class_id"": 1, ""class_name"": ""Pedestrian"", ""track_id"": ""3"", ""confidence"": 0.729823, ""bbox"": [993, 355, 1069, 527]}]"
397,"[{""class_id"": 0, ""class_name"": ""Cyclist"", ""track_id"": ""1"", ""confidence"": 0.80599, ""bbox"": [876, 262, 1001, 395]}, {""class_id"": 1, ""class_name"": ""Pedestrian"", ""track_id"": ""3"", ""confidence"": 0.725338, ""bbox"": [995, 355, 1070, 528]}]"
398,"[{""class_id"": 0, ""class_name"": ""Cyclist"", ""track_id"": ""1"", ""confidence"": 0.80304, ""bbox"": [887, 263, 1010, 396]}, {""class_id"": 1, ""class_name"": ""Pedestrian"", ""track_id"": ""3"", ""confidence"": 0.782478, ""bbox"": [1013, 359, 1086, 524]}]"
399,"[{""class_id"": 0, ""class_name"": ""Cyclist"", ""track_id"": ""1"", ""confidence"": 0.803144, ""bbox"": [891, 264, 1013, 397]}, {""class_id"": 1, ""class_name"": ""Pedestrian"", ""track_id"": ""3"", ""confidence"": 0.782524, ""bbox"": [1020, 360, 1091, 523]}]"
400,"[{""class_id"": 0, ""class_name"": ""Cyclist"", ""track_id"": ""1"", ""confidence"": 0.80466, ""bbox"": [892, 264, 1014, 397]}, {""class_id"": 1, ""class_name"": ""Pedestrian"", ""track_id"": ""3"", ""confidence"": 0.783026, ""bbox"": [1022, 360, 1093, 522]}]"
401,"[{""class_id"": 0, ""class_name"": ""Cyclist"", ""track_id"": ""1"", ""confidence"": 0.802023, ""bbox"": [904, 266, 1023, 396]}, {""class_id"": 1, ""class_name"": ""Pedestrian"", ""track_id"": ""3"", ""confidence"": 0.793878, ""bbox"": [1027, 358, 1102, 526]}]"
402,"[{""class_id"": 0, ""class_name"": ""Cyclist"", ""track_id"": ""1"", ""confidence"": 0.801985, ""bbox"": [908, 266, 1026, 396]}, {""class_id"": 1, ""class_name"": ""Pedestrian"", ""track_id"": ""3"", ""confidence"": 0.794095, ""bbox"": [1029, 357, 1106, 527]}]"
403,"[{""class_id"": 0, ""class_name"": ""Cyclist"", ""track_id"": ""1"", ""confidence"": 0.799796, ""bbox"": [909, 267, 1027, 396]}, {""class_id"": 1, ""class_name"": ""Pedestrian"", ""track_id"": ""3"", ""confidence"": 0.794564, ""bbox"": [1029, 356, 1107, 528]}]"
404,"[{""class_id"": 0, ""class_name"": ""Cyclist"", ""track_id"": ""1"", ""confidence"": 0.794098, ""bbox"": [918, 268, 1035, 398]}, {""class_id"": 1, ""class_name"": ""Pedestrian"", ""track_id"": ""3"", ""confidence"": 0.790519, ""bbox"": [1041, 357, 1120, 533]}]"
405,"[{""class_id"": 0, ""class_name"": ""Cyclist"", ""track_id"": ""1"", ""confidence"": 0.794176, ""bbox"": [922, 269, 1037, 398]}, {""class_id"": 1, ""class_name"": ""Pedestrian"", ""track_id"": ""3"", ""confidence"": 0.790412, ""bbox"": [1045, 358, 1125, 535]}]"
406,"[{""class_id"": 0, ""class_name"": ""Cyclist"", ""track_id"": ""1"", ""confidence"": 0.794385, ""bbox"": [923, 269, 1038, 399]}, {""class_id"": 1, ""class_name"": ""Pedestrian"", ""track_id"": ""3"", ""confidence"": 0.790267, ""bbox"": [1047, 358, 1127, 536]}]"
407,"[{""class_id"": 0, ""class_name"": ""Cyclist"", ""track_id"": ""1"", ""confidence"": 0.78523, ""bbox"": [935, 268, 1048, 397]}, {""class_id"": 1, ""class_name"": ""Pedestrian"", ""track_id"": ""3"", ""confidence"": 0.793547, ""bbox"": [1059, 361, 1137, 539]}]"
408,"[{""class_id"": 0, ""class_name"": ""Cyclist"", ""track_id"": ""1"", ""confidence"": 0.785294, ""bbox"": [939, 268, 1051, 396]}, {""class_id"": 1, ""class_name"": ""Pedestrian"", ""track_id"": ""3"", ""confidence"": 0.793781, ""bbox"": [1064, 363, 1141, 541]}]"
409,"[{""class_id"": 0, ""class_name"": ""Cyclist"", ""track_id"": ""1"", ""confidence"": 0.78473, ""bbox"": [941, 268, 1052, 395]}, {""class_id"": 1, ""class_name"": ""Pedestrian"", ""track_id"": ""3"", ""confidence"": 0.793651, ""bbox"": [1066, 364, 1142, 542]}]"
410,"[{""class_id"": 0, ""class_name"": ""Cyclist"", ""track_id"": ""1"", ""confidence"": 0.776028, ""bbox"": [948, 268, 1062, 401]}, {""class_id"": 1, ""class_name"": ""Pedestrian"", ""track_id"": ""3"", ""confidence"": 0.780435, ""bbox"": [1078, 365, 1152, 540]}]"
411,"[{""class_id"": 0, ""class_name"": ""Cyclist"", ""track_id"": ""1"", ""confidence"": 0.776165, ""bbox"": [951, 268, 1066, 404]}, {""class_id"": 1, ""class_name"": ""Pedestrian"", ""track_id"": ""3"", ""confidence"": 0.780416, ""bbox"": [1082, 366, 1155, 539]}]"
412,"[{""class_id"": 0, ""class_name"": ""Cyclist"", ""track_id"": ""1"", ""confidence"": 0.776047, ""bbox"": [953, 268, 1067, 404]}, {""class_id"": 1, ""class_name"": ""Pedestrian"", ""track_id"": ""3"", ""confidence"": 0.780964, ""bbox"": [1084, 366, 1156, 538]}]"
413,"[{""class_id"": 0, ""class_name"": ""Cyclist"", ""track_id"": ""1"", ""confidence"": 0.794603, ""bbox"": [963, 267, 1073, 400]}, {""class_id"": 1, ""class_name"": ""Pedestrian"", ""track_id"": ""3"", ""confidence"": 0.810052, ""bbox"": [1094, 369, 1165, 538]}]"
414,"[{""class_id"": 0, ""class_name"": ""Cyclist"", ""track_id"": ""1"", ""confidence"": 0.793751, ""bbox"": [967, 267, 1074, 399]}, {""class_id"": 1, ""class_name"": ""Pedestrian"", ""track_id"": ""3"", ""confidence"": 0.810211, ""bbox"": [1098, 371, 1169, 538]}]"
415,"[{""class_id"": 0, ""class_name"": ""Cyclist"", ""track_id"": ""1"", ""confidence"": 0.794253, ""bbox"": [968, 267, 1074, 398]}, {""class_id"": 1, ""class_name"": ""Pedestrian"", ""track_id"": ""3"", ""confidence"": 0.810064, ""bbox"": [1098, 371, 1170, 538]}]"
416,"[{""class_id"": 0, ""class_name"": ""Cyclist"", ""track_id"": ""1"", ""confidence"": 0.782207, ""bbox"": [975, 267, 1080, 398]}, {""class_id"": 1, ""class_name"": ""Pedestrian"", ""track_id"": ""3"", ""confidence"": 0.783681, ""bbox"": [1116, 373, 1188, 544]}]"
417,"[{""class_id"": 0, ""class_name"": ""Cyclist"", ""track_id"": ""1"", ""confidence"": 0.78203, ""bbox"": [978, 267, 1082, 398]}, {""class_id"": 1, ""class_name"": ""Pedestrian"", ""track_id"": ""3"", ""confidence"": 0.783302, ""bbox"": [1122, 374, 1194, 547]}]"
418,"[{""class_id"": 0, ""class_name"": ""Cyclist"", ""track_id"": ""1"", ""confidence"": 0.781864, ""bbox"": [979, 267, 1082, 399]}, {""class_id"": 1, ""class_name"": ""Pedestrian"", ""track_id"": ""3"", ""confidence"": 0.783313, ""bbox"": [1125, 374, 1194, 548]}]"
419,"[{""class_id"": 0, ""class_name"": ""Cyclist"", ""track_id"": ""1"", ""confidence"": 0.768126, ""bbox"": [987, 268, 1087, 398]}, {""class_id"": 1, ""class_name"": ""Pedestrian"", ""track_id"": ""3"", ""confidence"": 0.754394, ""bbox"": [1135, 376, 1204, 549]}]"
420,"[{""class_id"": 0, ""class_name"": ""Cyclist"", ""track_id"": ""1"", ""confidence"": 0.768113, ""bbox"": [990, 268, 1089, 398]}, {""class_id"": 1, ""class_name"": ""Pedestrian"", ""track_id"": ""3"", ""confidence"": 0.754626, ""bbox"": [1139, 377, 1206, 550]}]"
421,"[{""class_id"": 0, ""class_name"": ""Cyclist"", ""track_id"": ""1"", ""confidence"": 0.768321, ""bbox"": [991, 269, 1089, 398]}, {""class_id"": 1, ""class_name"": ""Pedestrian"", ""track_id"": ""3"", ""confidence"": 0.754496, ""bbox"": [1142, 377, 1208, 550]}]"
422,"[{""class_id"": 0, ""class_name"": ""Cyclist"", ""track_id"": ""1"", ""confidence"": 0.729565, ""bbox"": [1001, 269, 1096, 396]}, {""class_id"": 1, ""class_name"": ""Pedestrian"", ""track_id"": ""3"", ""confidence"": 0.758011, ""bbox"": [1151, 378, 1218, 556]}]"
423,"[{""class_id"": 0, ""class_name"": ""Cyclist"", ""track_id"": ""1"", ""confidence"": 0.727987, ""bbox"": [1004, 269, 1098, 396]}, {""class_id"": 1, ""class_name"": ""Pedestrian"", ""track_id"": ""3"", ""confidence"": 0.757921, ""bbox"": [1154, 379, 1222, 558]}]"
424,"[{""class_id"": 0, ""class_name"": ""Cyclist"", ""track_id"": ""1"", ""confidence"": 0.728388, ""bbox"": [1006, 269, 1098, 395]}, {""class_id"": 1, ""class_name"": ""Pedestrian"", ""track_id"": ""3"", ""confidence"": 0.757608, ""bbox"": [1155, 379, 1223, 559]}]"
425,"[{""class_id"": 0, ""class_name"": ""Cyclist"", ""track_id"": ""1"", ""confidence"": null, ""bbox"": [1009, 269, 1102, 395]}, {""class_id"": 1, ""class_name"": ""Pedestrian"", ""track_id"": ""3"", ""confidence"": 0.778001, ""bbox"": [1164, 380, 1233, 561]}]"
426,"[{""class_id"": 0, ""class_name"": ""Cyclist"", ""track_id"": ""1"", ""confidence"": null, ""bbox"": [1013, 269, 1105, 395]}, {""class_id"": 1, ""class_name"": ""Pedestrian"", ""track_id"": ""3"", ""confidence"": 0.778011, ""bbox"": [1167, 380, 1236, 562]}]"
427,"[{""class_id"": 0, ""class_name"": ""Cyclist"", ""track_id"": ""1"", ""confidence"": null, ""bbox"": [1017, 269, 1109, 395]}, {""class_id"": 1, ""class_name"": ""Pedestrian"", ""track_id"": ""3"", ""confidence"": 0.778074, ""bbox"": [1168, 380, 1238, 563]}]"
428,"[{""class_id"": 0, ""class_name"": ""Cyclist"", ""track_id"": ""1"", ""confidence"": 0.731955, ""bbox"": [1017, 279, 1111, 412]}, {""class_id"": 1, ""class_name"": ""Pedestrian"", ""track_id"": ""3"", ""confidence"": 0.735786, ""bbox"": [1180, 388, 1249, 564]}]"
429,"[{""class_id"": 0, ""class_name"": ""Cyclist"", ""track_id"": ""1"", ""confidence"": 0.729751, ""bbox"": [1019, 280, 1112, 414]}, {""class_id"": 1, ""class_name"": ""Pedestrian"", ""track_id"": ""3"", ""confidence"": 0.734917, ""bbox"": [1185, 391, 1253, 565]}]"
430,"[{""class_id"": 0, ""class_name"": ""Cyclist"", ""track_id"": ""1"", ""confidence"": 0.734388, ""bbox"": [1020, 281, 1111, 415]}, {""class_id"": 1, ""class_name"": ""Pedestrian"", ""track_id"": ""3"", ""confidence"": 0.733424, ""bbox"": [1186, 392, 1254, 565]}]"
431,"[{""class_id"": 0, ""class_name"": ""Cyclist"", ""track_id"": ""1"", ""confidence"": null, ""bbox"": [1022, 282, 1114, 416]}, {""class_id"": 1, ""class_name"": ""Pedestrian"", ""track_id"": ""3"", ""confidence"": 0.742936, ""bbox"": [1193, 397, 1262, 568]}]"
432,"[{""class_id"": 0, ""class_name"": ""Cyclist"", ""track_id"": ""1"", ""confidence"": null, ""bbox"": [1025, 283, 1117, 418]}, {""class_id"": 1, ""class_name"": ""Pedestrian"", ""track_id"": ""3"", ""confidence"": 0.742812, ""bbox"": [1195, 399, 1265, 570]}]"
433,"[{""class_id"": 0, ""class_name"": ""Cyclist"", ""track_id"": ""1"", ""confidence"": null, ""bbox"": [1028, 284, 1119, 419]}, {""class_id"": 1, ""class_name"": ""Pedestrian"", ""track_id"": ""3"", ""confidence"": 0.743996, ""bbox"": [1195, 399, 1266, 570]}]"
434,"[{""class_id"": 0, ""class_name"": ""Cyclist"", ""track_id"": ""1"", ""confidence"": 0.702499, ""bbox"": [1040, 268, 1127, 399]}, {""class_id"": 1, ""class_name"": ""Pedestrian"", ""track_id"": ""3"", ""confidence"": null, ""bbox"": [1200, 401, 1270, 571]}]"
435,"[{""class_id"": 0, ""class_name"": ""Cyclist"", ""track_id"": ""1"", ""confidence"": 0.7015, ""bbox"": [1044, 265, 1125, 392]}, {""class_id"": 1, ""class_name"": ""Pedestrian"", ""track_id"": ""3"", ""confidence"": null, ""bbox"": [1205, 403, 1275, 573]}]"
436,"[{""class_id"": 0, ""class_name"": ""Cyclist"", ""track_id"": ""1"", ""confidence"": 0.705497, ""bbox"": [1048, 265, 1124, 385]}, {""class_id"": 1, ""class_name"": ""Pedestrian"", ""track_id"": ""3"", ""confidence"": null, ""bbox"": [1209, 405, 1279, 574]}]"
437,"[{""class_id"": 0, ""class_name"": ""Cyclist"", ""track_id"": ""1"", ""confidence"": 0.698493, ""bbox"": [1051, 265, 1129, 395]}, {""class_id"": 1, ""class_name"": ""Pedestrian"", ""track_id"": ""3"", ""confidence"": null, ""bbox"": [1214, 406, 1283, 575]}]"
438,"[{""class_id"": 0, ""class_name"": ""Cyclist"", ""track_id"": ""1"", ""confidence"": 0.69818, ""bbox"": [1052, 265, 1130, 398]}, {""class_id"": 1, ""class_name"": ""Pedestrian"", ""track_id"": ""3"", ""confidence"": null, ""bbox"": [1218, 408, 1288, 577]}]"
439,"[{""class_id"": 0, ""class_name"": ""Cyclist"", ""track_id"": ""1"", ""confidence"": 0.695433, ""bbox"": [1054, 265, 1129, 400]}, {""class_id"": 1, ""class_name"": ""Pedestrian"", ""track_id"": ""3"", ""confidence"": null, ""bbox"": [1223, 410, 1292, 578]}]"
440,"[{""class_id"": 0, ""class_name"": ""Cyclist"", ""track_id"": ""1"", ""confidence"": 0.729753, ""bbox"": [1060, 263, 1134, 399]}, {""class_id"": 1, ""class_name"": ""Pedestrian"", ""track_id"": ""3"", ""confidence"": 0.742595, ""bbox"": [1243, 407, 1310, 570]}]"
441,"[{""class_id"": 0, ""class_name"": ""Cyclist"", ""track_id"": ""1"", ""confidence"": 0.729598, ""bbox"": [1063, 263, 1135, 399]}, {""class_id"": 1, ""class_name"": ""Pedestrian"", ""track_id"": ""3"", ""confidence"": 0.742036, ""bbox"": [1245, 407, 1313, 571]}]"
442,"[{""class_id"": 0, ""class_name"": ""Cyclist"", ""track_id"": ""1"", ""confidence"": 0.728645, ""bbox"": [1065, 262, 1134, 399]}, {""class_id"": 1, ""class_name"": ""Pedestrian"", ""track_id"": ""3"", ""confidence"": 0.741429, ""bbox"": [1246, 407, 1314, 571]}]"
443,"[{""class_id"": 0, ""class_name"": ""Cyclist"", ""track_id"": ""1"", ""confidence"": 0.731824, ""bbox"": [1069, 262, 1136, 396]}, {""class_id"": 1, ""class_name"": ""Pedestrian"", ""track_id"": ""3"", ""confidence"": 0.70754, ""bbox"": [1256, 406, 1327, 580]}]"
444,"[{""class_id"": 0, ""class_name"": ""Cyclist"", ""track_id"": ""1"", ""confidence"": 0.731984, ""bbox"": [1071, 261, 1136, 395]}, {""class_id"": 1, ""class_name"": ""Pedestrian"", ""track_id"": ""3"", ""confidence"": 0.707464, ""bbox"": [1260, 405, 1332, 583]}]"
445,"[{""class_id"": 0, ""class_name"": ""Cyclist"", ""track_id"": ""1"", ""confidence"": 0.726866, ""bbox"": [1072, 261, 1136, 395]}, {""class_id"": 1, ""class_name"": ""Pedestrian"", ""track_id"": ""3"", ""confidence"": 0.706711, ""bbox"": [1261, 406, 1333, 584]}]"
446,"[{""class_id"": 0, ""class_name"": ""Cyclist"", ""track_id"": ""1"", ""confidence"": null, ""bbox"": [1074, 261, 1138, 394]}, {""class_id"": 1, ""class_name"": ""Pedestrian"", ""track_id"": ""3"", ""confidence"": 0.714983, ""bbox"": [1273, 412, 1345, 592]}]"
447,"[{""class_id"": 0, ""class_name"": ""Cyclist"", ""track_id"": ""1"", ""confidence"": null, ""bbox"": [1076, 260, 1140, 394]}, {""class_id"": 1, ""class_name"": ""Pedestrian"", ""track_id"": ""3"", ""confidence"": 0.715595, ""bbox"": [1278, 414, 1349, 594]}]"
448,"[{""class_id"": 0, ""class_name"": ""Cyclist"", ""track_id"": ""1"", ""confidence"": null, ""bbox"": [1078, 260, 1142, 393]}, {""class_id"": 1, ""class_name"": ""Pedestrian"", ""track_id"": ""3"", ""confidence"": 0.715522, ""bbox"": [1280, 415, 1350, 595]}]"
449,"[{""class_id"": 0, ""class_name"": ""Cyclist"", ""track_id"": ""1"", ""confidence"": 0.743187, ""bbox"": [1081, 258, 1144, 392]}, {""class_id"": 1, ""class_name"": ""Pedestrian"", ""track_id"": ""3"", ""confidence"": 0.697409, ""bbox"": [1291, 418, 1361, 597]}]"
450,"[{""class_id"": 0, ""class_name"": ""Cyclist"", ""track_id"": ""1"", ""confidence"": 0.743191, ""bbox"": [1082, 257, 1144, 391]}, {""class_id"": 1, ""class_name"": ""Pedestrian"", ""track_id"": ""3"", ""confidence"": 0.69731, ""bbox"": [1295, 419, 1365, 598]}]"
451,"[{""class_id"": 0, ""class_name"": ""Cyclist"", ""track_id"": ""1"", ""confidence"": 0.743198, ""bbox"": [1083, 257, 1144, 391]}, {""class_id"": 1, ""class_name"": ""Pedestrian"", ""track_id"": ""3"", ""confidence"": 0.697257, ""bbox"": [1296, 419, 1366, 598]}]"
452,"[{""class_id"": 0, ""class_name"": ""Cyclist"", ""track_id"": ""1"", ""confidence"": 0.735609, ""bbox"": [1087, 255, 1146, 388]}, {""class_id"": 1, ""class_name"": ""Pedestrian"", ""track_id"": ""3"", ""confidence"": 0.698996, ""bbox"": [1305, 424, 1372, 596]}]"
453,"[{""class_id"": 0, ""class_name"": ""Cyclist"", ""track_id"": ""1"", ""confidence"": 0.736733, ""bbox"": [1089, 255, 1146, 387]}, {""class_id"": 1, ""class_name"": ""Pedestrian"", ""track_id"": ""3"", ""confidence"": 0.701186, ""bbox"": [1308, 425, 1375, 595]}]"
454,"[{""class_id"": 0, ""class_name"": ""Cyclist"", ""track_id"": ""1"", ""confidence"": 0.739081, ""bbox"": [1090, 254, 1146, 386]}, {""class_id"": 1, ""class_name"": ""Pedestrian"", ""track_id"": ""3"", ""confidence"": 0.699359, ""bbox"": [1309, 426, 1376, 594]}]"
455,"[{""class_id"": 0, ""class_name"": ""Cyclist"", ""track_id"": ""1"", ""confidence"": 0.730926, ""bbox"": [1092, 254, 1147, 384]}, {""class_id"": 1, ""class_name"": ""Pedestrian"", ""track_id"": ""3"", ""confidence"": null, ""bbox"": [1313, 428, 1380, 595]}]"
456,"[{""class_id"": 0, ""class_name"": ""Cyclist"", ""track_id"": ""1"", ""confidence"": 0.7309, ""bbox"": [1093, 253, 1147, 383]}, {""class_id"": 1, ""class_name"": ""Pedestrian"", ""track_id"": ""3"", ""confidence"": null, ""bbox"": [1318, 429, 1384, 596]}]"
457,"[{""class_id"": 0, ""class_name"": ""Cyclist"", ""track_id"": ""1"", ""confidence"": 0.730516, ""bbox"": [1093, 253, 1147, 383]}, {""class_id"": 1, ""class_name"": ""Pedestrian"", ""track_id"": ""3"", ""confidence"": null, ""bbox"": [1323, 431, 1389, 597]}]"
458,"[{""class_id"": 0, ""class_name"": ""Cyclist"", ""track_id"": ""1"", ""confidence"": 0.735396, ""bbox"": [1095, 250, 1149, 380]}, {""class_id"": 1, ""class_name"": ""Pedestrian"", ""track_id"": ""3"", ""confidence"": 0.748859, ""bbox"": [1319, 433, 1392, 609]}]"
459,"[{""class_id"": 0, ""class_name"": ""Cyclist"", ""track_id"": ""1"", ""confidence"": 0.735452, ""bbox"": [1096, 249, 1149, 379]}, {""class_id"": 1, ""class_name"": ""Pedestrian"", ""track_id"": ""3"", ""confidence"": 0.748723, ""bbox"": [1319, 434, 1394, 611]}]"
460,"[{""class_id"": 0, ""class_name"": ""Cyclist"", ""track_id"": ""1"", ""confidence"": 0.735484, ""bbox"": [1096, 248, 1149, 378]}, {""class_id"": 1, ""class_name"": ""Pedestrian"", ""track_id"": ""3"", ""confidence"": 0.748931, ""bbox"": [1318, 434, 1395, 611]}]"
461,"[{""class_id"": 0, ""class_name"": ""Cyclist"", ""track_id"": ""1"", ""confidence"": 0.756184, ""bbox"": [1098, 247, 1150, 374]}, {""class_id"": 1, ""class_name"": ""Pedestrian"", ""track_id"": ""3"", ""confidence"": 0.715534, ""bbox"": [1337, 439, 1414, 616]}]"
462,"[{""class_id"": 0, ""class_name"": ""Cyclist"", ""track_id"": ""1"", ""confidence"": 0.756187, ""bbox"": [1099, 246, 1150, 373]}, {""class_id"": 1, ""class_name"": ""Pedestrian"", ""track_id"": ""3"", ""confidence"": 0.715464, ""bbox"": [1344, 441, 1421, 618]}]"
463,"[{""class_id"": 0, ""class_name"": ""Cyclist"", ""track_id"": ""1"", ""confidence"": 0.756309, ""bbox"": [1099, 246, 1150, 372]}, {""class_id"": 1, ""class_name"": ""Pedestrian"", ""track_id"": ""3"", ""confidence"": 0.715275, ""bbox"": [1347, 441, 1423, 618]}]"
464,"[{""class_id"": 0, ""class_name"": ""Cyclist"", ""track_id"": ""1"", ""confidence"": 0.762555, ""bbox"": [1101, 244, 1152, 369]}, {""class_id"": 1, ""class_name"": ""Pedestrian"", ""track_id"": ""3"", ""confidence"": 0.744248, ""bbox"": [1355, 445, 1431, 623]}]"
465,"[{""class_id"": 0, ""class_name"": ""Cyclist"", ""track_id"": ""1"", ""confidence"": 0.762711, ""bbox"": [1102, 243, 1152, 368]}, {""class_id"": 1, ""class_name"": ""Pedestrian"", ""track_id"": ""3"", ""confidence"": 0.745316, ""bbox"": [1358, 447, 1434, 624]}]"
466,"[{""class_id"": 0, ""class_name"": ""Cyclist"", ""track_id"": ""1"", ""confidence"": 0.764084, ""bbox"": [1102, 243, 1152, 368]}, {""class_id"": 1, ""class_name"": ""Pedestrian"", ""track_id"": ""3"", ""confidence"": 0.745507, ""bbox"": [1359, 447, 1434, 624]}]"
467,"[{""class_id"": 0, ""class_name"": ""Cyclist"", ""track_id"": ""1"", ""confidence"": 0.775301, ""bbox"": [1105, 242, 1154, 366]}, {""class_id"": 1, ""class_name"": ""Pedestrian"", ""track_id"": ""3"", ""confidence"": null, ""bbox"": [1363, 449, 1439, 626]}]"
468,"[{""class_id"": 0, ""class_name"": ""Cyclist"", ""track_id"": ""1"", ""confidence"": 0.775205, ""bbox"": [1106, 241, 1155, 365]}, {""class_id"": 1, ""class_name"": ""Pedestrian"", ""track_id"": ""3"", ""confidence"": null, ""bbox"": [1368, 451, 1443, 628]}]"
469,"[{""class_id"": 0, ""class_name"": ""Cyclist"", ""track_id"": ""1"", ""confidence"": 0.774903, ""bbox"": [1106, 241, 1155, 365]}, {""class_id"": 1, ""class_name"": ""Pedestrian"", ""track_id"": ""3"", ""confidence"": null, ""bbox"": [1372, 452, 1448, 630]}]"
470,"[{""class_id"": 0, ""class_name"": ""Cyclist"", ""track_id"": ""1"", ""confidence"": 0.754226, ""bbox"": [1107, 240, 1156, 363]}, {""class_id"": 1, ""class_name"": ""Pedestrian"", ""track_id"": ""3"", ""confidence"": 0.698205, ""bbox"": [1376, 454, 1447, 625]}]"
471,"[{""class_id"": 0, ""class_name"": ""Cyclist"", ""track_id"": ""1"", ""confidence"": 0.754349, ""bbox"": [1108, 240, 1156, 362]}, {""class_id"": 1, ""class_name"": ""Pedestrian"", ""track_id"": ""3"", ""confidence"": 0.698512, ""bbox"": [1378, 454, 1447, 625]}]"
472,"[{""class_id"": 0, ""class_name"": ""Cyclist"", ""track_id"": ""1"", ""confidence"": 0.754349, ""bbox"": [1108, 240, 1156, 362]}, {""class_id"": 1, ""class_name"": ""Pedestrian"", ""track_id"": ""3"", ""confidence"": 0.698512, ""bbox"": [1379, 454, 1446, 625]}]"
473,"[{""class_id"": 0, ""class_name"": ""Cyclist"", ""track_id"": ""1"", ""confidence"": 0.736011, ""bbox"": [1110, 239, 1157, 359]}, {""class_id"": 1, ""class_name"": ""Pedestrian"", ""track_id"": ""3"", ""confidence"": null, ""bbox"": [1383, 456, 1450, 626]}]"
474,"[{""class_id"": 0, ""class_name"": ""Cyclist"", ""track_id"": ""1"", ""confidence"": 0.735963, ""bbox"": [1111, 238, 1158, 358]}, {""class_id"": 1, ""class_name"": ""Pedestrian"", ""track_id"": ""3"", ""confidence"": null, ""bbox"": [1387, 457, 1453, 627]}]"
475,"[{""class_id"": 0, ""class_name"": ""Cyclist"", ""track_id"": ""1"", ""confidence"": 0.73657, ""bbox"": [1111, 238, 1158, 358]}, {""class_id"": 1, ""class_name"": ""Pedestrian"", ""track_id"": ""3"", ""confidence"": null, ""bbox"": [1390, 458, 1456, 628]}]"
476,"[{""class_id"": 0, ""class_name"": ""Cyclist"", ""track_id"": ""1"", ""confidence"": 0.721196, ""bbox"": [1113, 238, 1159, 355]}, {""class_id"": 1, ""class_name"": ""Pedestrian"", ""track_id"": ""3"", ""confidence"": null, ""bbox"": [1394, 460, 1460, 629]}]"
477,"[{""class_id"": 0, ""class_name"": ""Cyclist"", ""track_id"": ""1"", ""confidence"": 0.719122, ""bbox"": [1114, 238, 1159, 353]}, {""class_id"": 1, ""class_name"": ""Pedestrian"", ""track_id"": ""3"", ""confidence"": null, ""bbox"": [1397, 461, 1463, 630]}]"
478,"[{""class_id"": 0, ""class_name"": ""Cyclist"", ""track_id"": ""1"", ""confidence"": 0.719564, ""bbox"": [1114, 238, 1159, 353]}, {""class_id"": 1, ""class_name"": ""Pedestrian"", ""track_id"": ""3"", ""confidence"": null, ""bbox"": [1401, 462, 1467, 631]}]"
479,"[{""class_id"": 0, ""class_name"": ""Cyclist"", ""track_id"": ""1"", ""confidence"": null, ""bbox"": [1115, 238, 1160, 352]}, {""class_id"": 1, ""class_name"": ""Pedestrian"", ""track_id"": ""3"", ""confidence"": null, ""bbox"": [1404, 464, 1470, 632]}]"
480,"[{""class_id"": 0, ""class_name"": ""Cyclist"", ""track_id"": ""1"", ""confidence"": null, ""bbox"": [1116, 237, 1161, 351]}, {""class_id"": 1, ""class_name"": ""Pedestrian"", ""track_id"": ""3"", ""confidence"": null, ""bbox"": [1408, 465, 1473, 633]}]"
481,"[{""class_id"": 0, ""class_name"": ""Cyclist"", ""track_id"": ""1"", ""confidence"": null, ""bbox"": [1117, 237, 1161, 349]}, {""class_id"": 1, ""class_name"": ""Pedestrian"", ""track_id"": ""3"", ""confidence"": null, ""bbox"": [1412, 467, 1477, 634]}]"
482,"[{""class_id"": 0, ""class_name"": ""Cyclist"", ""track_id"": ""1"", ""confidence"": 0.702063, ""bbox"": [1120, 234, 1163, 342]}, {""class_id"": 1, ""class_name"": ""Pedestrian"", ""track_id"": ""3"", ""confidence"": null, ""bbox"": [1415, 468, 1480, 635]}]"
483,"[{""class_id"": 0, ""class_name"": ""Cyclist"", ""track_id"": ""1"", ""confidence"": 0.701146, ""bbox"": [1120, 233, 1163, 341]}, {""class_id"": 1, ""class_name"": ""Pedestrian"", ""track_id"": ""3"", ""confidence"": null, ""bbox"": [1419, 469, 1484, 636]}]"
484,"[{""class_id"": 0, ""class_name"": ""Cyclist"", ""track_id"": ""1"", ""confidence"": 0.701415, ""bbox"": [1120, 233, 1164, 341]}, {""class_id"": 1, ""class_name"": ""Pedestrian"", ""track_id"": ""3"", ""confidence"": null, ""bbox"": [1422, 471, 1487, 637]}]"
485,"[{""class_id"": 0, ""class_name"": ""Cyclist"", ""track_id"": ""1"", ""confidence"": null, ""bbox"": [1121, 233, 1164, 339]}, {""class_id"": 1, ""class_name"": ""Pedestrian"", ""track_id"": ""3"", ""confidence"": null, ""bbox"": [1426, 472, 1491, 638]}]"
486,"[{""class_id"": 0, ""class_name"": ""Cyclist"", ""track_id"": ""1"", ""confidence"": null, ""bbox"": [1122, 232, 1165, 338]}, {""class_id"": 1, ""class_name"": ""Pedestrian"", ""track_id"": ""3"", ""confidence"": null, ""bbox"": [1429, 473, 1494, 639]}]"
487,"[{""class_id"": 0, ""class_name"": ""Cyclist"", ""track_id"": ""1"", ""confidence"": null, ""bbox"": [1123, 231, 1165, 336]}, {""class_id"": 1, ""class_name"": ""Pedestrian"", ""track_id"": ""3"", ""confidence"": null, ""bbox"": [1433, 475, 1497, 640]}]"
488,"[{""class_id"": 0, ""class_name"": ""Cyclist"", ""track_id"": ""1"", ""confidence"": null, ""bbox"": [1124, 231, 1166, 334]}, {""class_id"": 1, ""class_name"": ""Pedestrian"", ""track_id"": ""3"", ""confidence"": null, ""bbox"": [1437, 476, 1501, 641]}]"
489,"[{""class_id"": 0, ""class_name"": ""Cyclist"", ""track_id"": ""1"", ""confidence"": null, ""bbox"": [1125, 230, 1166, 333]}, {""class_id"": 1, ""class_name"": ""Pedestrian"", ""track_id"": ""3"", ""confidence"": null, ""bbox"": [1440, 478, 1504, 642]}]"
490,"[{""class_id"": 0, ""class_name"": ""Cyclist"", ""track_id"": ""1"", ""confidence"": null, ""bbox"": [1126, 230, 1167, 331]}, {""class_id"": 1, ""class_name"": ""Pedestrian"", ""track_id"": ""3"", ""confidence"": null, ""bbox"": [1444, 479, 1508, 643]}]"
491,"[{""class_id"": 0, ""class_name"": ""Cyclist"", ""track_id"": ""1"", ""confidence"": null, ""bbox"": [1127, 229, 1168, 330]}, {""class_id"": 1, ""class_name"": ""Pedestrian"", ""track_id"": ""3"", ""confidence"": null, ""bbox"": [1447, 480, 1511, 644]}]"
492,"[{""class_id"": 1, ""class_name"": ""Pedestrian"", ""track_id"": ""3"", ""confidence"": null, ""bbox"": [1451, 482, 1514, 645]}]"
493,[]
494,[]
495,[]
496,[]
497,[]
498,[]
499,[]
500,[]
501,[]
502,[]
503,[]
504,[]
505,[]
506,[]
507,[]
508,[]
509,[]
510,"[{""class_id"": 0, ""class_name"": ""Cyclist"", ""track_id"": ""2"", ""confidence"": 0.690771, ""bbox"": [1135, 213, 1173, 313]}]"
511,"[{""class_id"": 0, ""class_name"": ""Cyclist"", ""track_id"": ""2"", ""confidence"": 0.694715, ""bbox"": [1135, 213, 1173, 313]}]"
512,"[{""class_id"": 0, ""class_name"": ""Cyclist"", ""track_id"": ""2"", ""confidence"": null, ""bbox"": [1135, 213, 1173, 313]}]"
513,"[{""class_id"": 0, ""class_name"": ""Cyclist"", ""track_id"": ""2"", ""confidence"": null, ""bbox"": [1135, 213, 1173, 313]}]"
514,"[{""class_id"": 0, ""class_name"": ""Cyclist"", ""track_id"": ""2"", ""confidence"": null, ""bbox"": [1135, 213, 1173, 313]}]"
515,"[{""class_id"": 0, ""class_name"": ""Cyclist"", ""track_id"": ""2"", ""confidence"": null, ""bbox"": [1135, 213, 1173, 313]}]"
516,"[{""class_id"": 0, ""class_name"": ""Cyclist"", ""track_id"": ""2"", ""confidence"": null, ""bbox"": [1135, 213, 1173, 313]}]"
517,"[{""class_id"": 0, ""class_name"": ""Cyclist"", ""track_id"": ""2"", ""confidence"": null, ""bbox"": [1135, 213, 1173, 313]}]"
518,"[{""class_id"": 0, ""class_name"": ""Cyclist"", ""track_id"": ""2"", ""confidence"": null, ""bbox"": [1135, 213, 1173, 313]}]"
519,[]
520,[]
521,[]
522,"[{""class_id"": 0, ""class_name"": ""Cyclist"", ""track_id"": ""3"", ""confidence"": 0.695444, ""bbox"": [1141, 206, 1177, 298]}]"
523,"[{""class_id"": 0, ""class_name"": ""Cyclist"", ""track_id"": ""3"", ""confidence"": 0.694934, ""bbox"": [1140, 206, 1178, 298]}]"
524,"[{""class_id"": 0, ""class_name"": ""Cyclist"", ""track_id"": ""3"", ""confidence"": 0.70368, ""bbox"": [1142, 205, 1178, 295]}]"
525,"[{""class_id"": 0, ""class_name"": ""Cyclist"", ""track_id"": ""3"", ""confidence"": 0.703629, ""bbox"": [1142, 204, 1178, 295]}]"
526,"[{""class_id"": 0, ""class_name"": ""Cyclist"", ""track_id"": ""3"", ""confidence"": 0.703094, ""bbox"": [1142, 204, 1178, 294]}]"
527,"[{""class_id"": 0, ""class_name"": ""Cyclist"", ""track_id"": ""3"", ""confidence"": 0.691115, ""bbox"": [1143, 204, 1179, 294]}]"
528,"[{""class_id"": 0, ""class_name"": ""Cyclist"", ""track_id"": ""3"", ""confidence"": 0.691222, ""bbox"": [1143, 203, 1179, 294]}]"
529,"[{""class_id"": 0, ""class_name"": ""Cyclist"", ""track_id"": ""3"", ""confidence"": 0.692111, ""bbox"": [1143, 203, 1179, 294]}]"
530,"[{""class_id"": 0, ""class_name"": ""Cyclist"", ""track_id"": ""3"", ""confidence"": 0.698397, ""bbox"": [1143, 203, 1180, 294]}]"
531,"[{""class_id"": 0, ""class_name"": ""Cyclist"", ""track_id"": ""3"", ""confidence"": 0.696712, ""bbox"": [1143, 202, 1180, 293]}]"
532,"[{""class_id"": 0, ""class_name"": ""Cyclist"", ""track_id"": ""3"", ""confidence"": 0.696894, ""bbox"": [1142, 202, 1180, 293]}]"
533,"[{""class_id"": 0, ""class_name"": ""Cyclist"", ""track_id"": ""3"", ""confidence"": null, ""bbox"": [1143, 202, 1180, 293]}]"
534,"[{""class_id"": 0, ""class_name"": ""Cyclist"", ""track_id"": ""3"", ""confidence"": null, ""bbox"": [1143, 202, 1180, 293]}]"
535,"[{""class_id"": 0, ""class_name"": ""Cyclist"", ""track_id"": ""3"", ""confidence"": null, ""bbox"": [1143, 202, 1180, 292]}]"
536,"[{""class_id"": 0, ""class_name"": ""Cyclist"", ""track_id"": ""3"", ""confidence"": null, ""bbox"": [1143, 201, 1180, 292]}]"
537,"[{""class_id"": 0, ""class_name"": ""Cyclist"", ""track_id"": ""3"", ""confidence"": null, ""bbox"": [1143, 201, 1180, 292]}]"
538,"[{""class_id"": 0, ""class_name"": ""Cyclist"", ""track_id"": ""3"", ""confidence"": null, ""bbox"": [1144, 201, 1181, 291]}]"
539,"[{""class_id"": 0, ""class_name"": ""Cyclist"", ""track_id"": ""3"", ""confidence"": null, ""bbox"": [1144, 200, 1181, 291]}]"
540,[]
541,[]
542,[]
543,[]
